{
  "test/integration/opaTests.qunit.js.map": 1728104611812,
  "manifest.json": 1728076346116,
  "test/integration/pages/PurchasesList.js": 1728031009620,
  "test/integration/opaTests.qunit.js": 1728031009612,
  "test/integration/FirstJourney.js": 1728031009620,
  "test/testsuite.qunit.js": 1728031009608,
  "xs-app.json": 1728104586989,
  "test/integration/pages/PurchasesObjectPage.js": 1728031009620,
  "Component.js": 1728031009596,
  "test/integration/FirstJourney-dbg.js": 1728031009620,
  "test/integration/FirstJourney.js.map": 1728104611814,
  "test/integration/opaTests.qunit-dbg.js": 1728031009612,
  "i18n/i18n.properties": 1728031026668,
  "test/integration/pages/PurchasesList-dbg.js": 1728031009620,
  "test/integration/pages/PurchasesList.js.map": 1728104611812,
  "test/testsuite.qunit-dbg.js": 1728031009608,
  "test/testsuite.qunit.js.map": 1728104611812,
  "test/integration/pages/PurchasesObjectPage-dbg.js": 1728031009620,
  "test/integration/pages/PurchasesObjectPage.js.map": 1728104611813,
  "Component-dbg.js": 1728031009596,
  "Component.js.map": 1728104611814,
  "Component-preload.js": 1728104611996,
  "Component-preload.js.map": 1728104611996,
  "test/integration/opaTests.qunit.html": 1728031009612,
  "test/testsuite.qunit.html": 1728031009608,
  "test/flpSandbox.html": 1728031009608,
  "index.html": 1728031009596
}