{
  "test/integration/pages/RedemptionsList-dbg.js": 1728031240889,
  "test/integration/pages/RedemptionsObjectPage.js": 1728031240893,
  "test/integration/pages/RedemptionsList.js": 1728031240889,
  "test/integration/opaTests.qunit.js": 1728031240885,
  "test/integration/FirstJourney.js": 1728031240905,
  "test/testsuite.qunit.js": 1728031240885,
  "xs-app.json": 1728104586989,
  "manifest.json": 1728076346116,
  "Component.js": 1728031240869,
  "test/integration/pages/RedemptionsObjectPage-dbg.js": 1728031240893,
  "test/integration/pages/RedemptionsObjectPage.js.map": 1728104616081,
  "i18n/i18n.properties": 1728031245073,
  "test/integration/pages/RedemptionsList.js.map": 1728104616081,
  "test/integration/opaTests.qunit-dbg.js": 1728031240885,
  "test/integration/opaTests.qunit.js.map": 1728104616081,
  "test/integration/FirstJourney-dbg.js": 1728031240905,
  "test/integration/FirstJourney.js.map": 1728104616082,
  "test/testsuite.qunit-dbg.js": 1728031240885,
  "test/testsuite.qunit.js.map": 1728104616084,
  "Component-dbg.js": 1728031240869,
  "Component.js.map": 1728104616083,
  "Component-preload.js": 1728104616260,
  "Component-preload.js.map": 1728104616260,
  "test/integration/opaTests.qunit.html": 1728031240885,
  "test/testsuite.qunit.html": 1728031240885,
  "test/flpSandbox.html": 1728031240885,
  "index.html": 1728031240869
}