{
  "test/testsuite.qunit.js.map": 1728104606944,
  "Component.js": 1728104029653,
  "test/integration/pages/CustomersList.js": 1728104029693,
  "test/integration/opaTests.qunit.js": 1728104029689,
  "test/integration/FirstJourney.js": 1728104029697,
  "test/testsuite.qunit.js": 1728104029681,
  "xs-app.json": 1728104586989,
  "manifest.json": 1728104587117,
  "test/integration/pages/CustomersObjectPage.js": 1728104029693,
  "test/integration/pages/CustomersObjectPage-dbg.js": 1728104029693,
  "test/integration/pages/CustomersObjectPage.js.map": 1728104606942,
  "test/integration/pages/CustomersList-dbg.js": 1728104029693,
  "test/integration/pages/CustomersList.js.map": 1728104606942,
  "test/integration/opaTests.qunit-dbg.js": 1728104029689,
  "test/integration/opaTests.qunit.js.map": 1728104606942,
  "test/integration/FirstJourney-dbg.js": 1728104029697,
  "test/integration/FirstJourney.js.map": 1728104606945,
  "test/testsuite.qunit-dbg.js": 1728104029681,
  "i18n/i18n.properties": 1728104035469,
  "Component-dbg.js": 1728104029653,
  "Component.js.map": 1728104606943,
  "Component-preload.js": 1728104606999,
  "Component-preload.js.map": 1728104606999,
  "test/integration/opaTests.qunit.html": 1728104029689,
  "test/testsuite.qunit.html": 1728104029681,
  "test/flpSandbox.html": 1728104029681,
  "index.html": 1728104029653
}